STATE,ST_CASE,VE_TOTAL,VE_FORMS,PVH_INVL,PEDS,PERNOTMVIT,PERMVIT,PERSONS,COUNTY,CITY,DAY,MONTH,YEAR,DAY_WEEK,HOUR,MINUTE,NHS,RUR_URB,FUNC_SYS,RD_OWNER,ROUTE,TWAY_ID,TWAY_ID2,MILEPT,LATITUDE,LONGITUD,SP_JUR,HARM_EV,MAN_COLL,RELJCT1,RELJCT2,TYP_INT,WRK_ZONE,REL_ROAD,LGT_COND,WEATHER1,WEATHER2,WEATHER,SCH_BUS,RAIL,NOT_HOUR,NOT_MIN,ARR_HOUR,ARR_MIN,HOSP_HR,HOSP_MN,CF1,CF2,CF3,FATALS,DRUNK_DR
20,200194,2,2,0,0,0,2,2,169,0,3,8,2016,4,12,48,0,1,4,3,6,W CRAWFORD ST,S BURMA RD,0,38.82719167,-97.686663890000,0,12,6,0,2,2,0,1,1,98,0,98,0,0000000,12,50,12,57,13,10,0,0,0,1,0
20,200195,2,2,0,0,0,3,3,159,0,3,8,2016,4,11,15,0,1,7,3,5,AVE U,14TH RD,0,38.23134167,-98.234222220000,0,12,6,0,2,2,0,1,1,98,0,98,0,0000000,11,23,11,37,11,55,0,0,0,1,0
20,200196,2,2,0,0,0,2,2,209,2820,1,7,2016,6,10,45,1,2,1,1,1,I-635,,27,39.07750000,-94.680305560000,0,12,1,0,1,1,0,1,1,98,0,98,0,0000000,10,59,11,8,88,88,0,0,0,1,0
20,200197,3,3,0,0,0,3,3,57,0,5,7,2016,3,7,3,1,1,3,1,2,US-50,,1375,37.85626389,-99.749594440000,0,12,2,0,8,1,0,2,1,1,0,1,0,0000000,7,2,7,7,7,42,20,0,0,1,0
20,200198,2,2,0,0,0,2,2,5,0,10,7,2016,1,18,27,0,1,3,1,2,US-73,,665,39.58761111,-95.324419440000,0,12,2,0,1,1,0,1,1,1,0,1,0,0000000,18,35,19,0,19,11,0,0,0,1,0
20,200199,1,1,0,1,1,3,3,1,0,20,7,2016,4,21,25,0,1,7,3,6,1200 RD,,0,37.78021667,-95.433877780000,0,8,0,0,1,1,0,1,2,1,0,1,0,0000000,21,31,21,37,22,3,0,0,0,1,0
20,200200,2,2,0,0,0,3,3,173,3840,22,7,2016,6,13,9,1,1,3,1,3,SR-96,279TH STREET,0,37.87677500,-97.665366670000,0,12,6,0,2,2,0,1,1,98,0,98,0,0000000,13,10,13,25,14,7,0,0,0,1,0
20,200201,1,1,0,0,0,1,1,177,5400,25,7,2016,2,9,40,1,2,2,1,2,US-75,,1660,39.13525556,-95.719172220000,0,32,0,0,1,1,0,4,1,98,0,98,0,0000000,10,9,10,49,88,88,0,0,0,1,0
20,200202,1,1,0,0,0,2,2,173,0,26,7,2016,3,2,20,0,1,4,3,6,E 83RD,,0,37.54256944,-97.296766670000,0,33,0,0,1,1,0,3,3,98,0,98,0,0000000,2,25,2,35,99,99,0,0,0,2,1
20,200203,1,1,0,0,0,1,1,29,0,28,7,2016,5,9,0,0,1,7,3,6,260TH RD,BELL RD,0,39.33566944,-97.444538890000,0,1,0,0,3,2,0,1,1,1,0,1,0,0000000,99,99,99,99,88,88,0,0,0,1,0
20,200204,2,2,0,0,0,2,2,77,0,28,7,2016,5,9,4,0,1,7,3,6,NE 100 AVE,NE 70 RD,0,37.25587500,-97.857475000000,0,12,6,0,2,2,0,1,1,98,0,98,0,0000000,9,10,9,25,10,0,0,0,0,1,0
20,200205,1,1,0,0,0,3,3,209,2820,31,7,2016,1,13,23,1,2,1,1,1,I-70,,4118,39.10638333,-94.810755560000,0,21,0,1,19,1,0,4,1,2,0,2,0,0000000,13,27,13,35,13,58,0,0,0,1,0
20,200206,1,1,0,0,0,2,2,85,0,27,7,2016,4,16,54,1,1,2,1,2,US-75,,1815,39.35751667,-95.734141670000,0,35,0,0,1,1,0,4,1,1,0,1,0,0000000,16,6,16,16,17,16,0,0,0,1,0
20,200207,2,2,0,0,0,3,3,169,5124,29,7,2016,6,19,0,1,1,1,1,1,I-70,,2641,38.91796389,-97.408830560000,0,12,6,0,1,1,0,1,1,98,0,98,0,0000000,19,1,19,17,88,88,0,0,0,1,0
20,200208,1,1,0,0,0,1,1,13,0,30,7,2016,7,0,25,0,1,5,3,6,270TH RD,,0,39.89931944,-95.757572220000,0,42,0,0,1,1,0,4,2,98,0,98,0,0000000,0,41,0,46,88,88,0,0,0,1,0
20,200209,3,1,2,1,1,1,1,173,5880,31,7,2016,1,17,8,1,1,1,1,1,I-135,,219,37.90788611,-97.326525000000,0,24,0,0,1,1,0,4,1,1,0,1,0,0000000,17,11,17,35,17,50,15,14,23,1,1
20,200210,2,2,0,0,0,4,4,193,0,1,8,2016,2,23,5,1,1,1,1,1,I-70,,352,39.33288333,-101.386558330000,0,12,1,0,1,1,0,1,2,1,0,1,0,0000000,23,11,23,16,23,54,0,0,0,2,0
20,200211,2,2,0,0,0,2,2,57,0,2,8,2016,3,8,59,1,1,3,1,2,US-50,CLARK STREET,0,37.85532500,-99.753019440000,0,12,6,0,2,2,0,1,1,98,0,98,0,0000000,9,1,9,13,88,88,0,0,0,1,0
20,200212,2,2,0,0,0,2,2,143,0,4,8,2016,5,19,15,0,1,7,3,6,130TH RD,QUARTZ RD,0,39.20485278,-97.686922220000,0,12,6,0,2,2,0,1,1,1,0,1,0,0000000,19,16,19,24,19,46,0,0,0,1,0
20,200213,1,1,0,0,0,1,1,79,0,7,8,2016,1,11,55,0,1,7,4,6,OLIVER,,0,38.05708056,-97.281594440000,0,1,0,0,1,1,0,1,1,98,0,98,0,0000000,12,0,12,8,12,36,0,0,0,1,0
20,200214,1,1,0,1,1,1,1,209,2820,8,8,2016,2,11,10,0,2,7,4,6,MINNESOTA AVE,8TH STREET,0,39.11552778,-94.629672220000,0,8,0,0,2,2,0,1,1,98,0,98,0,0000000,11,15,11,17,11,27,0,0,0,1,0
20,200215,2,2,0,0,0,4,4,209,2820,15,8,2016,2,19,1,0,2,4,4,6,PARALLEL PKWY,N 88TH ST,0,39.12859444,-94.784238890000,0,12,1,0,4,1,0,1,1,98,0,98,0,0000000,19,3,19,6,19,10,0,0,0,1,0
20,200216,1,1,0,0,0,1,1,51,0,16,8,2016,3,16,20,1,1,3,1,2,US-183,,1425,38.71392778,-99.320425000000,0,23,0,0,1,1,0,4,1,98,0,98,0,0000000,16,22,16,32,88,88,0,0,0,1,0
20,200217,2,2,0,0,0,2,2,173,5880,15,8,2016,2,20,3,0,2,3,4,6,W HARRY ST,,0,37.66431111,-97.345475000000,0,12,2,0,1,1,0,1,5,98,0,98,0,0000000,20,6,20,10,20,34,0,0,0,1,1
20,200218,2,2,0,0,0,2,2,173,0,17,8,2016,4,13,21,0,1,4,4,6,W MACARTHUR,,0,37.62142778,-97.503127780000,0,12,2,0,1,1,0,1,1,98,0,98,0,0000000,13,21,13,24,88,88,0,0,0,1,0
20,200219,2,2,0,0,0,2,2,15,0,18,8,2016,5,12,10,1,1,3,1,3,SR-254,CR-BUTLER,0,37.79570556,-97.135511110000,0,12,6,0,2,2,0,1,1,98,0,98,0,0000000,12,12,12,21,13,5,0,0,0,1,0
20,200220,1,1,0,0,0,1,1,121,0,25,8,2016,5,5,0,0,1,4,3,6,W 327TH STREET,,0,38.53080000,-94.863702780000,0,42,0,0,1,1,0,4,2,5,0,5,0,0000000,5,28,5,33,88,88,0,0,0,1,0
20,200221,1,1,0,0,0,1,1,121,0,29,8,2016,2,99,99,0,1,4,2,6,W 311TH,,0,38.56367222,-94.745863890000,0,38,0,0,1,1,0,4,9,99,0,99,0,0000000,14,5,14,13,88,88,0,0,0,1,0
20,200222,2,2,0,0,0,3,3,113,0,3,9,2016,7,20,48,1,1,3,1,3,SR-61,COMMANCHE RD,758,38.28904722,-97.734919440000,0,12,6,0,2,2,0,1,2,98,0,98,0,0000000,21,0,21,10,22,15,23,19,0,1,0
20,200223,2,2,0,0,0,9,9,93,0,24,7,2016,1,10,12,1,1,3,1,2,US-50,,340,37.94397222,-101.449458330000,0,12,6,0,1,1,0,2,1,98,0,98,0,0000000,10,15,10,28,10,49,0,0,0,1,0
20,200224,1,1,0,1,1,3,3,91,4140,27,7,2016,4,16,32,0,2,7,4,6,S SEMINOLE,,0,38.87763611,-94.766236110000,0,8,0,0,4,1,0,1,1,98,0,98,0,0000000,16,34,16,37,17,22,0,0,0,1,0
20,200225,2,2,0,0,0,2,2,103,0,4,8,2016,5,7,5,1,1,1,31,1,I-70,,2188,39.07398333,-94.990202780000,0,12,6,0,1,1,0,1,1,98,0,98,0,0000000,7,21,99,99,88,88,0,0,0,1,0
20,200226,2,2,0,0,0,2,2,59,4270,6,8,2016,7,20,12,0,2,7,4,6,S BURROUGHS,E 10TH STREET,0,38.60290556,-95.256327780000,0,12,6,0,2,2,0,1,1,98,0,98,0,0000000,20,14,20,18,20,41,0,0,0,1,0
20,200227,2,2,0,0,0,5,5,177,0,18,8,2016,5,7,20,1,1,3,1,2,US-24,,3599,39.09382500,-95.818541670000,0,12,6,0,1,1,0,1,1,10,0,10,0,0000000,7,22,7,34,7,57,0,0,0,4,0
20,200228,1,1,0,0,0,1,1,181,2110,18,8,2016,5,99,99,1,1,1,1,1,I-70,,236,39.32969722,-101.606113890000,0,1,0,0,1,1,0,4,1,1,0,1,0,0000000,9,36,9,47,88,88,0,0,0,1,0
20,200229,1,1,0,0,0,2,2,155,0,19,8,2016,6,18,0,0,1,5,4,6,DEAN RD,,0,37.77017222,-98.027366670000,0,23,0,0,1,1,0,4,1,98,0,98,0,0000000,18,12,18,19,18,47,0,0,0,1,0
20,200230,2,2,0,0,0,3,3,197,0,21,8,2016,1,2,16,1,1,1,1,1,I-70,HTTPS://FARSCURRENT.CDAN.DOT.G,3332,39.06329167,-96.183205560000,0,12,2,0,1,1,1,1,2,1,0,1,0,0000000,2,10,2,26,88,88,0,0,0,1,1
20,200231,1,1,0,0,0,3,3,77,0,30,8,2016,3,22,45,0,1,5,3,3,SR-179,,40,37.06696667,-98.038080560000,0,32,0,0,1,1,0,4,2,98,0,98,0,0000000,22,53,23,3,23,28,0,0,0,1,1
20,200232,2,2,0,0,0,4,4,91,4285,1,9,2016,5,16,11,0,2,7,4,6,159TH STREET,LOWELL AVE,0,38.84011667,-94.682502780000,0,12,6,0,2,2,0,1,1,98,0,98,0,0000000,16,13,16,15,16,40,0,0,0,1,0
20,200233,1,1,0,0,0,2,2,21,390,22,6,2016,4,17,26,0,2,7,4,6,S ROBERTS RD,,0,37.00578889,-94.736050000000,0,5,0,0,1,1,0,1,1,98,0,98,0,0000000,17,20,17,29,99,99,0,0,0,1,0
20,200234,2,2,0,0,0,3,3,209,2820,16,8,2016,3,14,28,1,2,3,1,2,US-69,SR-32,326,39.08738611,-94.650127780000,0,12,6,1,5,1,0,1,1,1,0,1,0,0000000,14,34,14,37,14,49,20,0,0,1,0
20,200235,2,2,0,0,0,2,2,91,3705,26,8,2016,6,19,27,1,2,3,1,2,US-69,,0,39.03348333,-94.668236110000,0,12,2,0,1,1,0,1,1,98,0,98,0,0000000,19,27,19,31,20,5,0,0,0,1,0
20,200236,1,1,0,1,1,1,1,125,0,6,8,2016,7,21,25,1,1,3,1,2,US-160,,4112,37.22444722,-95.596936110000,0,8,0,0,1,1,0,1,2,1,0,1,0,0000000,88,88,88,88,88,88,18,0,0,1,0
20,200237,1,1,0,1,1,2,2,173,0,22,8,2016,2,4,20,1,2,1,31,1,I-35,,412,37.59021111,-97.323952780000,0,8,0,0,1,1,0,1,2,98,0,98,0,0000000,4,32,4,44,88,88,0,0,0,1,0
20,200238,2,2,0,0,0,2,2,129,4780,2,9,2016,6,17,54,0,1,3,1,2,US-56,,103,37.08322778,-101.748219440000,0,12,6,0,1,1,0,1,1,98,0,98,0,0000000,17,59,18,12,88,88,0,0,0,1,0
20,200239,2,2,0,0,0,4,4,173,5880,2,9,2016,6,22,50,0,2,4,4,6,S MERIDIAN AVE,,0,37.67147222,-97.371113890000,0,58,0,0,1,1,1,1,3,98,0,98,0,0000000,22,50,22,54,23,8,0,0,0,1,0
20,200240,1,1,0,0,0,1,1,125,0,2,9,2016,6,14,19,0,1,7,3,4,CR-4150,,0,37.19766389,-95.683680560000,0,35,0,0,1,1,0,4,1,98,0,98,0,0000000,14,24,14,28,15,6,0,0,0,1,0
20,200241,1,1,0,0,0,2,2,205,0,3,9,2016,7,1,0,0,1,3,1,3,SR-47,,36,37.52988889,-95.750194440000,0,35,0,0,1,1,0,4,2,1,0,1,0,0000000,1,10,1,29,1,53,0,0,0,1,0
20,200242,3,3,0,0,0,8,8,185,0,3,9,2016,7,11,8,1,1,3,1,2,US-281,US-50,0,37.95585000,-98.747008330000,0,12,6,0,2,2,0,1,1,98,0,98,0,0000000,11,10,11,19,11,42,0,0,0,1,0
20,200243,2,2,0,0,0,2,2,181,2110,4,9,2016,1,15,35,1,1,1,1,1,I-70,,236,39.32936667,-101.608088890000,0,12,7,0,1,1,0,1,1,6,0,6,0,0000000,15,35,15,40,15,58,0,0,0,1,0
20,200244,1,1,0,0,0,1,1,15,0,6,9,2016,3,20,19,0,1,5,3,6,SHADY CREEK ACCESS,,0,37.83343333,-96.807688890000,0,5,0,0,1,1,0,4,9,98,0,98,0,0000000,20,37,20,44,88,88,0,0,0,1,0
20,200245,2,2,0,0,0,2,2,1,0,7,9,2016,4,9,17,1,1,3,1,2,US-169,WEST VIRGINIA,750,38.02400833,-95.380605560000,0,12,6,0,2,2,0,1,1,1,0,1,0,0000000,9,32,9,58,10,47,0,0,0,1,0
20,200246,2,2,0,0,0,2,2,133,0,8,9,2016,5,12,36,1,1,2,1,2,US-169,,530,37.71725556,-95.477880560000,0,12,8,0,1,1,0,1,1,2,0,2,0,0000000,12,40,12,44,88,88,0,0,0,1,0
20,200247,1,1,0,1,1,1,1,17,0,8,9,2016,5,7,31,1,1,1,31,1,I-35,,1138,38.13992778,-96.526380560000,0,8,0,0,1,1,0,2,2,2,0,2,0,0000000,7,39,7,57,88,88,0,0,0,1,0
20,200248,1,1,0,0,0,1,1,31,0,8,9,2016,5,16,59,0,1,3,1,3,SR-58,,0,38.08268333,-95.689544440000,0,1,0,0,1,1,0,4,1,2,0,2,0,0000000,17,0,17,11,17,45,0,0,0,1,0
20,200249,1,1,0,0,0,2,2,169,0,10,9,2016,7,1,40,0,1,4,4,6,W STATE STREET,,0,38.84177222,-97.707800000000,0,1,0,0,1,1,0,4,2,1,0,1,0,0000000,1,54,2,7,2,27,0,0,0,1,0
20,200250,2,2,0,0,0,2,2,161,3490,12,9,2016,2,13,32,0,2,3,4,6,KIMBALL AVE,,0,39.20430278,-96.583727780000,0,12,2,0,1,1,0,1,1,98,0,98,0,0000000,13,34,13,35,14,0,0,0,0,1,1
20,200251,1,1,0,0,0,1,1,45,0,13,9,2016,3,18,18,0,1,7,3,4,CR-458,,0,38.88432222,-95.338905560000,0,35,0,0,1,1,0,4,1,98,0,98,0,0000000,18,19,18,26,19,3,0,0,0,1,1
20,200252,1,1,0,0,0,1,1,173,5880,13,9,2016,3,14,59,0,2,4,4,6,S GEORGE WASHINGTON BLVD,E PAWNEE AVE,0,37.65008056,-97.288886110000,0,46,0,0,3,2,0,3,1,98,0,98,0,0000000,14,59,15,7,15,22,0,0,0,1,0
20,200253,2,2,0,0,0,2,2,175,3160,17,9,2016,7,5,12,1,1,3,1,2,US-54,8TH STREET,0,37.05425278,-100.891127780000,0,12,1,0,2,2,0,1,2,5,0,5,0,0000000,5,12,5,19,5,45,0,0,0,1,0
20,200254,2,2,0,0,0,5,5,91,4140,18,9,2016,1,21,48,1,2,1,1,1,I-35,,2210,38.92715278,-94.757683330000,0,12,1,0,1,1,0,1,2,98,0,98,0,0000000,9,52,9,58,10,2,0,0,0,1,0
20,200255,1,1,0,1,1,1,1,177,5400,20,9,2016,3,14,27,0,2,7,4,6,SE 29TH,,0,39.01513889,-95.681002780000,0,9,0,0,1,1,0,1,1,98,0,98,0,0000000,14,28,14,32,14,50,0,0,0,1,0
20,200256,1,1,0,0,0,1,1,209,2820,4,8,2016,5,17,50,0,2,4,4,6,PARALLEL PKWY,,0,39.12884167,-94.634936110000,0,33,0,0,1,1,0,3,1,98,0,98,0,0000000,17,52,17,56,18,52,0,0,0,1,0
20,200257,2,2,0,0,0,2,2,15,0,21,9,2016,4,12,35,1,1,1,31,1,I-35,,611,37.74685278,-97.043944440000,0,12,1,0,1,1,0,1,1,98,0,98,0,0000000,12,42,12,53,88,88,0,0,0,1,0
20,200258,1,1,0,0,0,1,1,165,4817,22,9,2016,5,13,55,0,1,3,1,2,US-183,,1230,38.44031667,-99.308936110000,0,34,0,0,1,1,0,4,1,98,0,98,0,0000000,14,6,14,9,14,25,0,0,0,1,0
20,200259,1,1,0,1,1,1,1,91,4140,24,9,2016,7,13,59,0,2,7,4,6,S BLACKFOOT DR,,0,38.85319722,-94.766608330000,0,8,0,0,1,1,0,1,1,98,0,98,0,0000000,13,59,14,0,88,88,0,0,0,1,0
20,200260,2,2,0,1,1,6,6,177,5400,24,9,2016,7,22,16,0,2,3,1,6,SW TOPEKA BLVD,,0,38.97113333,-95.687527780000,0,8,0,0,1,1,0,1,2,2,0,2,0,0000000,22,17,22,25,88,88,0,0,0,1,0
20,200261,1,1,0,0,0,1,1,45,0,26,9,2016,2,21,52,0,1,7,3,4,CR-458,,0,38.88453333,-95.315519440000,0,34,0,0,1,1,0,4,2,98,0,98,0,0000000,21,57,21,59,22,28,0,0,0,1,0
20,200262,1,1,0,0,0,1,1,29,0,30,9,2016,6,17,55,0,1,5,1,3,SR-9,,0,39.49652500,-97.725772220000,0,24,0,0,1,1,0,4,1,98,0,98,0,0000000,17,46,18,8,88,88,0,0,0,1,1
20,200263,1,1,0,0,0,1,1,117,0,7,10,2016,6,18,0,0,1,7,3,6,LIMESTONE RD,,0,39.82719722,-96.422544440000,0,1,0,0,1,1,0,4,5,98,0,98,0,0000000,88,88,88,88,88,88,0,0,0,1,0
20,200264,1,1,0,0,0,1,1,21,0,7,10,2016,6,9,36,0,1,4,1,2,US-96 HWY OLD ONE,,0,37.17788333,-94.697133330000,0,24,0,0,1,1,0,4,1,98,0,98,0,0000000,9,38,9,55,88,88,0,0,0,1,0
20,200265,1,1,0,0,0,1,1,197,0,22,7,2016,6,7,45,1,1,1,1,1,I-70,,3373,39.05875556,-96.104405560000,0,35,0,0,1,1,0,3,1,1,0,1,0,0000000,7,50,8,7,8,47,0,0,0,1,0
20,200266,1,1,0,1,1,1,1,103,0,2,9,2016,6,20,30,1,1,1,1,1,I-70,,2099,39.02847222,-95.120233330000,0,8,0,0,1,1,0,1,2,98,0,98,0,0000000,99,99,99,99,88,88,0,0,0,1,0
20,200267,1,1,0,0,0,4,4,59,4500,22,9,2016,5,1,8,0,1,3,1,3,SR-68,,160,38.60846944,-95.455950000000,0,1,0,0,8,1,0,4,2,1,0,1,0,0000000,1,11,1,20,1,54,20,0,0,1,0
20,200268,1,1,0,0,0,1,1,173,0,22,9,2016,5,2,8,0,2,7,4,6,E 63RD STREET,,0,37.57906389,-97.292783330000,0,33,0,0,1,1,0,4,2,98,0,98,0,0000000,2,8,2,13,2,34,0,0,0,1,1
20,200269,1,1,0,0,0,1,1,63,0,24,9,2016,7,1,35,1,1,1,1,1,I-70,,868,39.11135000,-100.593825000000,0,1,0,0,1,1,0,3,2,1,0,1,0,0000000,1,45,2,6,88,88,0,0,0,1,0
20,200270,2,2,0,0,0,4,4,103,0,26,9,2016,2,17,19,0,1,3,1,2,US-24,,4002,39.03433056,-95.151175000000,0,12,2,0,1,1,0,1,1,1,0,1,0,0000000,17,26,17,32,18,43,0,0,0,1,1
20,200271,2,2,0,0,0,2,2,175,3160,27,9,2016,3,7,21,1,1,3,1,2,US-54,,169,37.13853889,-100.756602780000,0,12,2,0,1,1,0,1,1,98,0,98,0,0000000,7,21,7,31,7,51,0,0,0,1,0
20,200272,1,1,0,1,1,1,1,125,1050,28,9,2016,4,16,23,1,2,3,1,3,SR-166,READ,0,37.03309167,-95.632266670000,0,8,0,0,3,2,0,1,1,98,0,98,0,0000000,16,24,16,28,16,48,0,0,0,1,0
20,200273,2,2,0,0,0,2,2,125,1050,29,9,2016,5,12,41,1,2,3,1,2,US-166/11TH,HARDING,0,37.03306389,-95.630486110000,0,12,6,0,2,2,0,1,1,98,0,98,0,0000000,12,42,12,50,13,11,0,0,0,1,0
20,200274,1,1,0,0,0,1,1,21,0,25,9,2016,1,6,50,0,1,3,1,3,SR-7,,158,37.22211944,-94.832000000000,0,32,0,0,1,1,0,4,4,98,0,98,0,0000000,88,88,88,88,88,88,0,0,0,1,1
20,200275,2,2,0,0,0,2,2,41,0,2,10,2016,1,17,58,0,1,3,1,3,SR-18,BARN RD,1400,39.03043056,-97.353119440000,0,12,6,0,2,2,0,1,1,1,0,1,0,0000000,17,58,18,15,88,88,0,0,0,1,1
20,200276,1,1,0,1,1,1,1,73,0,3,10,2016,2,8,0,1,1,3,1,2,US-54,,2916,37.83786111,-96.143622220000,0,9,0,0,1,1,0,1,1,1,0,1,0,0000000,8,10,8,19,88,88,0,0,0,1,0
20,200277,1,1,0,0,0,2,2,163,0,5,10,2016,4,20,39,0,1,4,1,3,SR-18,,384,39.19764722,-99.154669440000,0,11,0,0,1,1,0,1,2,98,0,98,0,0000000,20,41,20,52,21,7,0,0,0,1,0
20,200278,2,2,0,0,0,4,4,175,3160,11,10,2016,3,0,35,1,1,3,1,2,US-54,,6,37.00527222,-100.962897220000,0,12,2,0,1,1,0,1,2,98,0,98,0,0000000,0,40,0,49,1,22,0,0,0,2,1
20,200279,1,1,0,0,0,1,1,3,2160,14,10,2016,6,99,99,0,1,5,4,6,2150 RD,,0,38.33891389,-95.125400000000,0,1,0,0,1,1,0,4,2,98,0,98,0,0000000,21,27,21,42,22,19,0,0,0,1,0
20,200280,1,1,0,0,0,1,1,173,1330,15,10,2016,7,23,20,0,2,5,1,3,SR-15,,0,37.51841944,-97.268675000000,0,43,0,0,1,1,0,4,3,98,0,98,0,0000000,23,20,23,30,0,28,0,0,0,1,1
20,200281,2,2,0,0,0,4,4,173,0,20,10,2016,5,18,13,0,1,5,4,6,MACARTHUR RD,183RD STREET,0,37.62116389,-97.553750000000,0,12,6,0,2,2,0,1,5,1,0,1,0,0000000,18,13,18,23,99,99,0,0,0,1,0
20,200282,1,1,0,0,0,1,1,59,0,27,10,2016,5,19,8,0,1,7,2,6,DOUGLAS RD,,0,38.44838056,-95.443302780000,0,34,0,0,1,1,0,4,2,98,0,98,0,0000000,19,10,19,26,20,14,0,0,0,1,1
20,200283,1,1,0,0,0,2,2,201,0,28,10,2016,6,16,22,0,1,4,1,3,SR-9,,0,39.69681667,-96.821705560000,0,1,0,0,1,1,0,4,1,6,0,6,0,0000000,16,32,99,99,88,88,0,0,0,2,0
20,200284,2,2,0,0,0,2,2,173,5880,29,10,2016,7,11,48,0,2,3,4,6,S ROCK RD,E PEACH TREE LN,0,37.68062500,-97.244330560000,0,12,1,0,2,2,0,1,1,98,0,98,0,0000000,11,49,11,56,12,18,0,0,0,1,0
20,200285,2,2,0,0,0,5,5,173,4342,1,11,2016,3,19,10,0,2,4,4,6,BROADWAY AVE,E 77TH STREET,0,37.82503056,-97.335900000000,0,12,6,0,2,2,0,1,3,98,0,98,0,0000000,19,12,19,17,19,42,0,0,0,1,0
20,200286,2,2,0,0,0,2,2,173,5880,11,10,2016,3,10,5,0,2,3,4,6,W PAWNEE AVE,S WEST STREET,0,37.65253889,-97.388744440000,0,12,1,0,3,2,0,1,1,98,0,98,0,0000000,10,6,10,9,10,29,0,0,0,1,0
20,200287,2,2,0,0,0,2,2,207,0,13,10,2016,5,16,54,0,1,6,3,5,HEREFORD RD,190 RD,0,37.99616111,-95.830286110000,0,12,6,0,2,2,0,1,1,10,0,10,0,0000000,17,0,17,18,18,7,0,0,0,1,0
20,200288,1,1,0,0,0,1,1,173,5880,13,10,2016,5,12,41,0,2,3,4,7,S BROADWAY AVE,E HARRY STREET,0,37.66437778,-97.335511110000,0,33,0,0,3,2,0,4,1,98,0,98,0,0000000,12,44,12,44,13,20,0,0,0,1,0